{
  "baseline": {
    "c1_mAP": 0.09677312923568741,
    "c2_pipe_minADE": 9.594855661233511,
    "c3_pipe_L2": 6.989876051479303
  },
  "balance_reports": {
    "power_0.5": {
      "src_images": 119,
      "balanced_images": 399,
      "repeat_factors": {
        "0": 1,
        "1": 3,
        "2": 6,
        "4": 5,
        "5": 3,
        "6": 4,
        "7": 1
      },
      "counts_before": {
        "0": 661,
        "1": 84,
        "2": 19,
        "4": 25,
        "5": 93,
        "6": 40,
        "7": 414
      },
      "counts_after": {
        "0": 2018,
        "1": 408,
        "2": 114,
        "4": 137,
        "5": 293,
        "6": 167,
        "7": 1855
      },
      "imbalance_before": 34.78947368421053,
      "imbalance_after": 17.70175438596491
    },
    "power_1.0": {
      "src_images": 119,
      "balanced_images": 575,
      "repeat_factors": {
        "0": 1,
        "1": 6,
        "2": 6,
        "4": 6,
        "5": 6,
        "6": 6,
        "7": 2
      },
      "counts_before": {
        "0": 661,
        "1": 84,
        "2": 19,
        "4": 25,
        "5": 93,
        "6": 40,
        "7": 414
      },
      "counts_after": {
        "0": 3133,
        "1": 504,
        "2": 114,
        "4": 150,
        "5": 558,
        "6": 240,
        "7": 2392
      },
      "imbalance_before": 34.78947368421053,
      "imbalance_after": 27.482456140350877
    }
  },
  "rows": [
    {
      "tag": "bal_p05_ep10_s1",
      "power": 0.5,
      "epochs": 10,
      "seed": 1,
      "n_train": 399,
      "c1_mAP": 0.08461954017881636,
      "c2_pipe_minADE": 7.52754777853937,
      "c3_pipe_L2": 7.4135767998830735,
      "c3_pipe_collision_rate": 0.0,
      "delta1": -0.012153589056871056,
      "Delta2": -2.0673078826941413,
      "Delta3": 0.42370074840377026,
      "plan_shift3": 5.9708627644450845,
      "rho": -34.862191441649095,
      "regime": "metric_decoupling",
      "strict_entangled_enhancement": false
    },
    {
      "tag": "bal_p05_ep10_s2",
      "power": 0.5,
      "epochs": 10,
      "seed": 2,
      "n_train": 399,
      "c1_mAP": 0.08301920485191602,
      "c2_pipe_minADE": 10.953407905700521,
      "c3_pipe_L2": 7.231834229939207,
      "c3_pipe_collision_rate": 0.0,
      "delta1": -0.01375392438377139,
      "Delta2": 1.3585522444670097,
      "Delta3": 0.24195817845990408,
      "plan_shift3": 2.5916890321919808,
      "rho": -17.59193752332947,
      "regime": "other",
      "strict_entangled_enhancement": false
    },
    {
      "tag": "bal_p05_ep10_s3",
      "power": 0.5,
      "epochs": 10,
      "seed": 3,
      "n_train": 399,
      "c1_mAP": 0.08448716606711655,
      "c2_pipe_minADE": 9.832737670069557,
      "c3_pipe_L2": 6.989243106413728,
      "c3_pipe_collision_rate": 0.0,
      "delta1": -0.012285963168570863,
      "Delta2": 0.2378820088360456,
      "Delta3": -0.0006329450655755409,
      "plan_shift3": 1.3333333333333333,
      "rho": 0.051517740765713756,
      "regime": "benign",
      "strict_entangled_enhancement": false
    },
    {
      "tag": "bal_p05_ep20_s1",
      "power": 0.5,
      "epochs": 20,
      "seed": 1,
      "n_train": 399,
      "c1_mAP": 0.127535947106057,
      "c2_pipe_minADE": 13.467423900690804,
      "c3_pipe_L2": 7.231834229939207,
      "c3_pipe_collision_rate": 0.0,
      "delta1": 0.030762817870369594,
      "Delta2": 3.8725682394572924,
      "Delta3": 0.24195817845990408,
      "plan_shift3": 2.5916890321919808,
      "rho": 7.865280075430135,
      "regime": "entangled_enhancement",
      "strict_entangled_enhancement": true
    },
    {
      "tag": "bal_p05_ep20_s2",
      "power": 0.5,
      "epochs": 20,
      "seed": 2,
      "n_train": 399,
      "c1_mAP": 0.10087712594424421,
      "c2_pipe_minADE": 14.131297253686407,
      "c3_pipe_L2": 6.989243106413728,
      "c3_pipe_collision_rate": 0.0,
      "delta1": 0.004103996708556795,
      "Delta2": 4.536441592452896,
      "Delta3": -0.0006329450655755409,
      "plan_shift3": 1.3333333333333333,
      "rho": -0.15422650419184214,
      "regime": "benign",
      "strict_entangled_enhancement": false
    },
    {
      "tag": "bal_p05_ep20_s3",
      "power": 0.5,
      "epochs": 20,
      "seed": 3,
      "n_train": 399,
      "c1_mAP": 0.09624200503769104,
      "c2_pipe_minADE": 13.548800414229579,
      "c3_pipe_L2": 6.861878901108342,
      "c3_pipe_collision_rate": 0.0,
      "delta1": -0.0005311241979963771,
      "Delta2": 3.953944752996067,
      "Delta3": -0.1279971503709616,
      "plan_shift3": 0.5833333333333334,
      "rho": 240.9928804859964,
      "regime": "benign",
      "strict_entangled_enhancement": false
    },
    {
      "tag": "bal_p10_ep10_s1",
      "power": 1.0,
      "epochs": 10,
      "seed": 1,
      "n_train": 575,
      "c1_mAP": 0.09984172819695335,
      "c2_pipe_minADE": 10.349101650480419,
      "c3_pipe_L2": 6.861245956042768,
      "c3_pipe_collision_rate": 0.0,
      "delta1": 0.0030685989612659337,
      "Delta2": 0.7542459892469076,
      "Delta3": -0.12863009543653536,
      "plan_shift3": 1.9166666666666667,
      "rho": -41.918183855302395,
      "regime": "benign",
      "strict_entangled_enhancement": false
    },
    {
      "tag": "bal_p10_ep10_s2",
      "power": 1.0,
      "epochs": 10,
      "seed": 2,
      "n_train": 575,
      "c1_mAP": 0.09920754396122833,
      "c2_pipe_minADE": 1.8955734645587177,
      "c3_pipe_L2": 6.358284378642304,
      "c3_pipe_collision_rate": 0.0,
      "delta1": 0.002434414725540915,
      "Delta2": -7.699282196674794,
      "Delta3": -0.6315916728369997,
      "plan_shift3": 4.667321308016777,
      "rho": -259.4429232663564,
      "regime": "benign",
      "strict_entangled_enhancement": false
    },
    {
      "tag": "bal_p10_ep10_s3",
      "power": 1.0,
      "epochs": 10,
      "seed": 3,
      "n_train": 575,
      "c1_mAP": 0.09593756346847093,
      "c2_pipe_minADE": 10.338138464671383,
      "c3_pipe_L2": 6.403955632876367,
      "c3_pipe_collision_rate": 0.0,
      "delta1": -0.0008355657672164812,
      "Delta2": 0.7432828034378716,
      "Delta3": -0.5859204186029361,
      "plan_shift3": 1.1666666666666667,
      "rho": 701.2259735757386,
      "regime": "benign",
      "strict_entangled_enhancement": false
    },
    {
      "tag": "bal_p10_ep20_s1",
      "power": 1.0,
      "epochs": 20,
      "seed": 1,
      "n_train": 575,
      "c1_mAP": 0.08263483154921532,
      "c2_pipe_minADE": 5.85738068724584,
      "c3_pipe_L2": 6.553546635391839,
      "c3_pipe_collision_rate": 0.0,
      "delta1": -0.014138297686472096,
      "Delta2": -3.7374749739876716,
      "Delta3": -0.43632941608746467,
      "plan_shift3": 3.0304778204766176,
      "rho": 30.86152419219157,
      "regime": "metric_decoupling",
      "strict_entangled_enhancement": false
    },
    {
      "tag": "bal_p10_ep20_s2",
      "power": 1.0,
      "epochs": 20,
      "seed": 2,
      "n_train": 575,
      "c1_mAP": 0.10858709577579945,
      "c2_pipe_minADE": 10.469985757889747,
      "c3_pipe_L2": 7.232467175004783,
      "c3_pipe_collision_rate": 0.0,
      "delta1": 0.011813966540112034,
      "Delta2": 0.8751300966562354,
      "Delta3": 0.24259112352547962,
      "plan_shift3": 1.258355698858647,
      "rho": 20.53426532924471,
      "regime": "entangled_enhancement",
      "strict_entangled_enhancement": true
    },
    {
      "tag": "bal_p10_ep20_s3",
      "power": 1.0,
      "epochs": 20,
      "seed": 3,
      "n_train": 575,
      "c1_mAP": 0.11780278009194162,
      "c2_pipe_minADE": 18.183522432748674,
      "c3_pipe_L2": 7.231834229939207,
      "c3_pipe_collision_rate": 0.0,
      "delta1": 0.021029650856254203,
      "Delta2": 8.588666771515163,
      "Delta3": 0.24195817845990408,
      "plan_shift3": 2.5916890321919808,
      "rho": 11.505572779775651,
      "regime": "entangled_enhancement",
      "strict_entangled_enhancement": true
    }
  ],
  "n_delta1_positive": 6,